video_title,author,length_seconds,comments
"Me at the zoo" / jawed / 19 / "Dave: Short, but iconic! | Sarah: The very first YouTube video! | Mike: Hard to believe this was back in 2005."
"Charlie bit my finger - again !" / HDCYT / 56 / "Emily: Classic internet history right here. | Jake: I remember watching this on repeat, so funny!"
"Gangnam Style" / officialpsy / 253 / "Lucas: 10+ years later and this song still slaps. | Chloe: A true global phenomenon, legendary! | Liam: The dance that defined an era. | Sophia: This beat will never get old. | Noah: Can't believe how fast time flies!"
Despacito / "Luis Fonsi" / 282 / "Elena: This song was everywhere back in the summer of 2017! | Mateo: Absolute masterpiece, love the vibes."
"Baby Shark Dance" / "Pinkfong Baby Shark - Kids' Songs & Stories" / 136 / "Jessica: My toddler insists on listening to this 50 times a day. | David: It is permanently stuck in my head, help! | Rachel: Parenting survival fuel right here. | Chris: The views on this video are absolutely insane."
"Evolution of Dance" / judsonlaipply / 360 / "Tom: This was the ultimate viral video back in the day!"
"Rick Astley - Never Gonna Give You Up (Official Music Video)" / "Rick Astley" / 213 / "Alex: Did I really just get rickrolled in a text file? | Jordan: You know the rules, and so do I! | Taylor: Never getting tired of this classic. | Morgan: A timeless masterclass in pop music."
"Bohemian Rhapsody" / Queen / 359 / "Brian: Mama, just killed a man... | FreddieFan: Best rock song ever written, hands down. | Sam: That guitar solo gives me chills every single time!"
"Lofi Hip Hop Radio - Beats to Relax/Study to" / "Lofi Girl" / 0 / "Hannah: This stream saved my college degree, honestly. | Ethan: Perfect background noise for rainy days. | Olivia: Been listening for hours, so peaceful."
"David After Dentist" / i365 / 119 / "Sammy: Is this real life? | Grace: Why is this happening to me?! | Ben: A classic piece of YouTube nostalgia. | Lily: His expression gets me every single time!"
"Nyan Cat [original]" / saraj00n / 217 / "PixelArt: 10 hours version next please! | RetroGamer: The internet was so simple back then. | Mia: Pure serotonin in video form."
"Sneezing Panda" / "Lesley Scott" / 17 / "GamerX: Shortest video to ever make me laugh out loud. | Anna: Mama panda's jump scare is unmatched!"
"Keyboard Cat" / "Charlie Schmidt" / 54 / "RetroFan: Play him off, Keyboard Cat! | Marcus: A true internet legend. | Zoe: Never gets old, pure classic."
"Double Rainbow Song" / schmoyoho / 213 / "Sunny: So intense, all the way across the sky! | Leo: The Songify era was legendary."
"Bed Intruder Song" / schmoyoho / 127 / "ChrisP: Hide your kids, hide your wife! | Dan: An absolute masterpiece of early YouTube. | Maya: Still catchy after all these years."
"FIRST TO TOUCH $1,000,000 KEEPS IT!" / MrBeast / 843 / "BeastFan: The dedication in this video is insane! | Tyler: Can't believe they held on for that long. | Megan: Jimmy's videos just keep getting bigger! | Josh: I would have given up in the first 5 minutes."
"History of the Entire World, I Guess" / "bill wurtz" / 1166 / "HistoryBuff: We can make a religion out of this! | Clara: The most entertaining history lesson ever made. | Dylan: I rewatch this at least twice a year."
"Potter Puppet Pals: The Mysterious Ticking Noise" / "Neil Cicierega" / 126 / "SnapeFan: Snape, Snape, Severus Snape... | HarryP: Dumbledore! | RonW: This song will be stuck in my head forever."
"Gotta Catch 'Em All! - Pokémon Theme Song" / Pokemon / 198 / "AshKetchum: I want to be the very best! | GamerGirl: Instant nostalgia trip back to childhood. | Kevin: The best anime intro of all time."
"Testing 5 Minute Crafts" / "Ann Reardon" / 1123 / "Foodie: Thank you for debunking these fake hacks! | ChefDave: So important to show what actually works. | Lisa: Always love your thorough explanations!"