customer name|street/stateProvince/city/country|productsList(name, price, quantity)
Aiko Zhang|101 Maple Dr/FL/Miami/USA|Wireless Mouse,25.99,3/Wireless Earbuds,49.99,1/Screen Cleaner Kit,8.99,2
John Taylor|Via Roma 12/Lazio/Rome/Italy|Laptop Stand,34.95,2/Desk Pad,18.50,2/Screen Cleaner Kit,8.99,2/Mechanical Keyboard,89.50,1/USB Flash Drive 64GB,9.99,5/Laptop Stand,34.95,4
David Santos|10 Downing St/England/London/UK|Laptop Stand,34.95,5/Power Bank 10000mAh,29.95,5/Wireless Mouse,25.99,2
Emily Miller|Nanjing Rd 500/Shanghai/Shanghai/China|HD Monitor,199.00,1/HD Monitor,199.00,1/Laptop Stand,34.95,5/Wireless Mouse,25.99,5/External Hard Drive 1TB,64.99,2
Aiko Tanaka|303 Cedar Ln/WA/Seattle/USA|USB-C Cable,12.99,4/Gaming Headset,79.90,2/USB-C Cable,12.99,1/USB-C Cable,12.99,4/Bluetooth Speaker,45.00,1
Michael Brown|789 Pine Ave/TX/Houston/USA|Wireless Mouse,25.99,1/USB-C Cable,12.99,1/Webcam 1080p,59.99,5/External Hard Drive 1TB,64.99,3/USB Flash Drive 64GB,9.99,3/Screen Cleaner Kit,8.99,1/HD Monitor,199.00,1
Fatima Santos|456 Oak Rd/NY/New York/USA|Wireless Mouse,25.99,3/Webcam 1080p,59.99,1/Power Bank 10000mAh,29.95,2/Bluetooth Speaker,45.00,2/Screen Cleaner Kit,8.99,4/Wireless Earbuds,49.99,1/USB Flash Drive 64GB,9.99,4/HD Monitor,199.00,5/Smartphone Stand,14.99,4/USB Flash Drive 64GB,9.99,3
Freja Davis|202 Birch Blvd/IL/Chicago/USA|Bluetooth Speaker,45.00,3
Sarah Jones|55 George St/NSW/Sydney/Australia|Webcam 1080p,59.99,4/USB Flash Drive 64GB,9.99,5/Webcam 1080p,59.99,1/External Hard Drive 1TB,64.99,1/Wireless Earbuds,49.99,4
Kenji Smith|707 Beech Cir/AZ/Phoenix/USA|Power Bank 10000mAh,29.95,4/Gaming Headset,79.90,1/Gaming Headset,79.90,1/Bluetooth Speaker,45.00,5/Power Bank 10000mAh,29.95,5/Smartphone Stand,14.99,3/Webcam 1080p,59.99,2
Sarah Khan|Friedrichstraße 43/Berlin/Berlin/Germany|Gaming Headset,79.90,2/Bluetooth Speaker,45.00,3/Screen Cleaner Kit,8.99,2/Wireless Earbuds,49.99,3/Desk Pad,18.50,2/Laptop Stand,34.95,1/Desk Pad,18.50,5
Michael Zhang|123 Elm St/CA/Los Angeles/USA|Desk Pad,18.50,5/Desk Pad,18.50,4/Screen Cleaner Kit,8.99,5/Laptop Stand,34.95,3/Laptop Stand,34.95,2/Desk Pad,18.50,2/Screen Cleaner Kit,8.99,1
Jane Wang|606 Ash Ct/GA/Atlanta/USA|USB-C Cable,12.99,2/USB Flash Drive 64GB,9.99,1/Smartphone Stand,14.99,5/Wireless Earbuds,49.99,3/Gaming Headset,79.90,5/Webcam 1080p,59.99,4/Webcam 1080p,59.99,5/HD Monitor,199.00,4/Mechanical Keyboard,89.50,4/External Hard Drive 1TB,64.99,1
Wei Smith|Paseo de la Reforma 222/CDMX/Mexico City/Mexico|USB Flash Drive 64GB,9.99,2/Power Bank 10000mAh,29.95,5/USB Flash Drive 64GB,9.99,1
Mateo Müller|Av. Paulista 1000/SP/São Paulo/Brazil|Gaming Headset,79.90,3/HD Monitor,199.00,3
Michael Garcia|1-1 Chiyoda/Tokyo/Tokyo/Japan|USB Flash Drive 64GB,9.99,1/Gaming Headset,79.90,4
Sofia Schmidt|88 Queen St/ON/Toronto/Canada|Power Bank 10000mAh,29.95,3/Screen Cleaner Kit,8.99,2/Wireless Mouse,25.99,3/Smartphone Stand,14.99,3/Mechanical Keyboard,89.50,1/Power Bank 10000mAh,29.95,1
Li Müller|404 Spruce St/MA/Boston/USA|Desk Pad,18.50,3/Bluetooth Speaker,45.00,5/Laptop Stand,34.95,2/USB Flash Drive 64GB,9.99,4/Mechanical Keyboard,89.50,1
Maria Jones|505 Walnut Way/CO/Denver/USA|External Hard Drive 1TB,64.99,1/Mechanical Keyboard,89.50,5/Wireless Mouse,25.99,3/Wireless Mouse,25.99,4/Smartphone Stand,14.99,2/Desk Pad,18.50,1
Hans Wilson|15 Rue de Rivoli/Île-de-France/Paris/France|Desk Pad,18.50,4/Desk Pad,18.50,1/Wireless Mouse,25.99,2/Mechanical Keyboard,89.50,5/Power Bank 10000mAh,29.95,5/Smartphone Stand,14.99,5/Mechanical Keyboard,89.50,1/Screen Cleaner Kit,8.99,2